n,cena,inicio,fim,efeitos_sonoros,efeitos_visuais,transicao_saida
"01","c01","00:0000","00:0006","whoosh de cartas | 'tick' descendente no contador","tremor leve no contador","corte seco"
"02","c02","00:0006","00:0012","'plim' no gesto","partículas lentas","congela 1 s e divide o ecrã ao meio"
"03","c03","00:0012","00:0020","'tic' em cada coluna","divisória dourada","a coluna JUDOCOINS expande"
"04","c04","00:0020","00:0029","enchimento ascendente | 'buzz' curto no vermelho","brilho na linha-meta","a carta vira para o exemplo"
"05","c05","00:0029","00:0040","'pop' por ação | queda grave no −5","flash vermelho","deslize lateral"
"06","c06","00:0040","00:0048","caixa registadora suave","partículas verdes","as duas cartas lado a lado"
"07","c07","00:0048","00:0056","'clonk' da balança","","corte"
"08","c08","00:0056","01:0005","enchimento ascendente","","a carta ganha a moldura dourada de capitão"
"09","c09","01:0005","01:0010","'clack' da moldura","risco vermelho no ×2 dos JC","fundido"
"10","c10","01:0010","01:0020","'ding' no botão","raios de luz","fim"
