n,cena,inicio,fim,texto,estilo,posicao
"01","c01","00:0000","00:0006","ONLY FAVORITES?","Oswald creme, topo",""
"01","c01","00:0000","00:0006","IT CAN COST YOU JUDOCOINS.","Oswald dourado; 'COST' vermelho",""
"02","c02","00:0006","00:0012","NOW WHAT?","Oswald dourado, topo",""
"03","c03","00:0012","00:0020","POINTS → RANKING","Oswald creme + dourado",""
"03","c03","00:0012","00:0020","JUDOCOINS → NEXT TEAM","Oswald creme + dourado",""
"04","c04","00:0020","00:0029","THE PRICE IS THE TARGET","Oswald dourado",""
"04","c04","00:0020","00:0029","POINTS > PRICE = ▲ RISES","verde",""
"04","c04","00:0020","00:0029","POINTS < PRICE = ▼ DROPS","vermelho",""
"05","c05","00:0029","00:0040","THE FAVORITE DROPPED","Oswald creme",""
"05","c05","00:0029","00:0040","AND YOU PAID","Oswald vermelho",""
"05","c05","00:0029","00:0040","18 → 13 JC","vermelho",""
"05","c05","00:0029","00:0040","YOU: −5 JC","Oswald vermelho grande",""
"06","c06","00:0040","00:0048","BARGAIN · 6 JC","Oswald creme",""
"06","c06","00:0040","00:0048","SCORED 16","Oswald verde",""
"06","c06","00:0040","00:0048","6 → 11 JC","verde",""
"06","c06","00:0040","00:0048","YOU: +2.5 JC","Oswald verde grande",""
"07","c07","00:0048","00:0056","RISES? YOU KEEP HALF.","verde",""
"07","c07","00:0048","00:0056","DROPS? YOU TAKE IT ALL.","vermelho",""
"08","c08","00:0056","01:0005","FAVORITES RISE TOO","Oswald creme + dourado",""
"08","c08","00:0056","01:0005","18 → 21 JC","verde",""
"08","c08","00:0056","01:0005","IF THEY SCORE MORE THAN THEY COST","Manrope creme",""
"09","c09","01:0005","01:0010","CAPTAIN: POINTS ×2","dourado",""
"09","c09","01:0005","01:0010","JUDOCOINS ×1","cinza",""
"10","c10","01:0010","01:0020","DON'T JUST ASK WHO'LL WIN.","Oswald creme",""
"10","c10","01:0010","01:0020","ASK WHO'LL SCORE MORE THAN THEY COST.","Oswald dourado",""
"10","c10","01:0010","01:0020","BUILD YOUR TEAM · LINK IN BIO","botão dourado",""
